year,month,day,hour,minute,twet,meta
1861,3,1,8.0,0,5.0,orig=41F
1861,3,2,8.0,0,2.77777777778,orig=37F
1861,3,4,8.0,0,2.22222222222,orig=36F
